ResI,ChainID,Res,R,DFI,DFI_membrane,DFI_XY,DFI_Z
1,A,MET,M,0.005465411985637895,0.007513815024604448,0.005140625026691064,0.009055597534731482
2,A,GLU,E,0.004483744508218866,0.006149924556927824,0.004121104376411471,0.007448881018837017
3,A,GLU,E,0.00421727414582175,0.005632297945667082,0.0038432376918360704,0.006800352151212457
4,A,PRO,P,0.0036066144552827856,0.004727269811428573,0.0032145821398892336,0.005648548033749506
5,A,GLY,G,0.003202986182119387,0.004103726815312629,0.0028479314610603645,0.004904524792219525
6,A,ALA,A,0.003054526186186823,0.0038257643170025047,0.0027487391121926354,0.004557506263291837
7,A,GLN,Q,0.0026639150933454297,0.0033041089453456646,0.002378486598203528,0.003895103023377723
8,A,CYS,C,0.0024467456449203256,0.002831165536378028,0.0021591075848131996,0.0032962346400026332
9,A,ALA,A,0.0024413834665878513,0.0028622558301306207,0.002165713991033728,0.003325069805316225
10,A,PRO,P,0.0022071409105461617,0.0024683483652963487,0.0019504839954404447,0.0028414328511573734
11,A,PRO,P,0.002414731782793756,0.0025576183068563565,0.002131042183693319,0.0029347479456454622
12,A,PRO,P,0.0026370240152082777,0.003077201243244545,0.0023524962301012895,0.0036345021902610955
13,A,PRO,P,0.0025804575799481077,0.0030512009712150715,0.0022772129508763493,0.00364884883720338
14,A,ALA,A,0.0028524735370900967,0.003238671845029223,0.002537212686950887,0.003845120755357263
15,A,GLY,G,0.0032967668421924525,0.0041640485242068,0.0030427977347681876,0.0050280535954532165
16,A,SER,S,0.0035475267104050083,0.004706501265528747,0.0033627996423425746,0.005727049809459651
17,A,GLU,E,0.004159639613231993,0.005354748354335293,0.004164011535334243,0.006415747388024284
18,A,THR,T,0.004405463557762591,0.005964199963976614,0.0044514032559803685,0.007242958498889634
19,A,TRP,W,0.005003675377539176,0.006300319444627675,0.005261109628178565,0.0074342300240815146
20,A,VAL,V,0.0050281453903204005,0.006264621420199195,0.005239846761566624,0.007374593284303473
21,A,PRO,P,0.005790268657502297,0.006691324526918245,0.006164592533846845,0.0076090860178430935
22,A,GLN,Q,0.005654198097061704,0.005733206936527616,0.005977613470493898,0.006105694961334701
23,A,ALA,A,0.00608462625451979,0.006510077323926869,0.0064719940132547445,0.007109793227177814
24,A,ASN,N,0.005617844812990115,0.005989018970039179,0.005823821281947364,0.006529174460864278
25,A,LEU,L,0.005000009923888318,0.004876093490371643,0.0050999131354543,0.005075737538982704
26,A,SER,S,0.005192760977439304,0.005006513909567394,0.005342606436517712,0.005187580852621937
27,A,SER,S,0.004743982278461986,0.0043080802979821,0.004764568258445966,0.004326394258124898
28,A,ALA,A,0.0039886119419035755,0.0038139527906378757,0.0038245795648986134,0.004106865884543823
29,A,PRO,P,0.00374404827054862,0.003339656324199823,0.003543596564006904,0.0034531311514773826
30,A,SER,S,0.0032687739762270415,0.0028111338953188316,0.0030042519751582583,0.002874270151793177
31,A,GLN,Q,0.002963034995510861,0.0027156680700499798,0.002653849767198636,0.0029271662446165303
32,A,ASN,N,0.0026649771059256253,0.002233439678407865,0.0023352748676189862,0.0022753221480670918
33,A,CYS,C,0.0023589056358844654,0.002273928087024233,0.002038869336976403,0.0025264273618527087
34,A,SER,S,0.0021562656797972377,0.0018713615178468845,0.0018290538546842051,0.0019768810504870987
35,A,ALA,A,0.0023817482858404966,0.0020154958288373347,0.0020413453064775412,0.0021077585239376853
36,A,LYS,K,0.0022872578634188416,0.0022999806847948823,0.0019565921098833425,0.002638868354857417
37,A,ASP,D,0.0019483216170686293,0.0019862436212367135,0.001675629439488257,0.0022732146715558534
38,A,TYR,Y,0.0020974327566731397,0.0018759652494177732,0.0017824189032551194,0.002019463283014912
39,A,ILE,I,0.0023596910836597195,0.002317083047343959,0.0020183800443045853,0.00262099734922174
40,A,TYR,Y,0.0021359638251729524,0.002347992475419239,0.0018270831827976435,0.0027483490142193668
41,A,GLN,Q,0.00202491328075494,0.002063007076979457,0.0017307158764776863,0.002332878707452621
42,A,ASP,D,0.0023836943847719587,0.0022521019793714583,0.0020169079703719105,0.002462953652823576
43,A,SER,S,0.002503814253625719,0.002653861772517976,0.0021225635270904525,0.0030682466676704226
44,A,ILE,I,0.002352314821030495,0.0025623647730825734,0.001978181245177667,0.002970907901464064
45,A,SER,S,0.0026448974546779327,0.002812391726953676,0.002211515702893119,0.0032217851741746916
46,A,LEU,L,0.0026617610181858637,0.0026630991585380685,0.0021977064086936685,0.002917977493432725
47,A,PRO,P,0.0026293799417893087,0.002827832130093642,0.0021599933007404974,0.003210656945686242
48,A,TRP,W,0.0023277222578506366,0.0026111495092904077,0.0019215684423816268,0.0030016913995976682
49,A,LYS,K,0.002195664950603455,0.00225724338888461,0.001825692441701057,0.002492116732858264
50,A,VAL,V,0.00231604170251066,0.002367010937640017,0.0018940789524532434,0.0025886969092709274
51,A,LEU,L,0.0021798041801211697,0.0024142963985489463,0.0018033761806230885,0.002730235223352773
52,A,LEU,L,0.0019007494875358175,0.0021209225974065855,0.0016161246572214973,0.0023715114265958695
53,A,VAL,V,0.0019044385794906842,0.0019473584879611998,0.0015985349605557877,0.002082513143401611
54,A,MET,M,0.001985994059708528,0.002111913066500259,0.0016671510113425406,0.0023079101912835067
55,A,LEU,L,0.001786345382960787,0.002041219451950392,0.0015523285287304218,0.002268340651384832
56,A,LEU,L,0.0015643605546272047,0.0017366211370525393,0.001413692074015684,0.00185681761063322
57,A,ALA,A,0.0016801485052570719,0.0017680980505475068,0.0014682445094484791,0.001879571395915502
58,A,LEU,L,0.001697592734393866,0.0018753825228581635,0.0015254499671130276,0.0020215087664764344
59,A,ILE,I,0.0014683569371568765,0.0016877150864768385,0.001406755616669351,0.0017866155900417941
60,A,THR,T,0.0013799884183471407,0.0015255952358568753,0.0013316384909728364,0.0015818863524210086
61,A,LEU,L,0.0015413101755233339,0.0016987502530918274,0.0014375719323956489,0.0018153320679526169
62,A,ALA,A,0.0015100754474767287,0.0016918759927048851,0.001466831517411893,0.0017817367651455523
63,A,THR,T,0.001300545672731147,0.001467581729735629,0.0013550912405012562,0.0014837496070190096
64,A,THR,T,0.0013369371059791795,0.0015463616188146436,0.0013454499317424554,0.0016344920728119951
65,A,LEU,L,0.0014927528648634102,0.0017151488369799937,0.0014713579920748528,0.0018442325932238918
66,A,SER,S,0.001457123574126884,0.0015995322999995292,0.0014735223645656052,0.0016511298236506155
67,A,ASN,N,0.0013180403908997392,0.0014643944375092714,0.0013910905639450885,0.0014864912801260273
68,A,ALA,A,0.0014155530509654473,0.001698492947829393,0.0014208112396271125,0.0018554478051993535
69,A,PHE,F,0.0015501234416575628,0.0017563137048365663,0.001519718072614314,0.0018994830676705566
70,A,VAL,V,0.001493263678515742,0.001567209033904971,0.0014911208949202619,0.0016044299039817437
71,A,ILE,I,0.0014845243055697835,0.001690364356466453,0.0014649892501595772,0.001818946492200816
72,A,ALA,A,0.0016317781128017035,0.0019655461051844934,0.0015485164126159056,0.002207984814652852
73,A,THR,T,0.0016978784779672917,0.001859174640704787,0.0015991861783029122,0.0020241217434425586
74,A,VAL,V,0.0016787140582675058,0.001759391382924531,0.0015943253894402185,0.0018586187493156976
75,A,TYR,Y,0.001747338058745461,0.0020670752850112453,0.001628515369618645,0.0023166834338663924
76,A,ARG,R,0.0018701623748309114,0.002290293037462339,0.0017036564744149578,0.002618396224241818
77,A,THR,T,0.0019009725086714508,0.002094346030485086,0.0017393983750878105,0.002305490090296083
78,A,ARG,R,0.001981375661421026,0.002163409338777806,0.0017947646157158335,0.0023752939814404937
79,A,LYS,K,0.0019906440028026624,0.001890339314815802,0.0018057536765837966,0.001927311075310412
80,A,LEU,L,0.0018520732537837391,0.0017109704283108109,0.001716828530372406,0.0016833676587298442
81,A,HIS,H,0.0018761383366383616,0.0018484041510144072,0.0017388439341248668,0.001902673851357499
82,A,THR,T,0.0018923702913139966,0.0016429674916884766,0.0017702509565891852,0.0015133999067415325
83,A,PRO,P,0.0018658813162109023,0.00161350053581648,0.001785370713814356,0.0014398240378706837
84,A,ALA,A,0.0017986687926983273,0.0014365384693464421,0.0017570593763153262,0.0010969021034821342
85,A,ASN,N,0.001696370681854485,0.0014631201066811488,0.0016625240975019307,0.0012756038587868135
86,A,TYR,Y,0.0016522287491872378,0.0015862795504085017,0.0016294339880042659,0.0015316865346290526
87,A,LEU,L,0.0015909412796384582,0.0014324729948203038,0.0016276823846028922,0.0012367968333628497
88,A,ILE,I,0.0015040191753045544,0.0013437724638229675,0.0015656847594454557,0.0011148578016394494
89,A,ALA,A,0.0014563413557345912,0.0014876869679870315,0.0014926647652419795,0.00146235571071662
90,A,SER,S,0.0013917952240294585,0.0014924183062169514,0.0014613067210205346,0.0014852381629097966
91,A,LEU,L,0.0012874420108544087,0.0012925820665836947,0.0014379122495586521,0.0011330322434205818
92,A,ALA,A,0.0012575072190219535,0.0013419107427073802,0.0013801894816922334,0.0012761350790130431
93,A,VAL,V,0.001244669560577444,0.0014958972268716885,0.0013251585877752992,0.001575659142350478
94,A,THR,T,0.0011215223021052952,0.001333977827946014,0.0012850991775662972,0.0013293804746930486
95,A,ASP,D,0.001062827825717817,0.0012261699009168115,0.0012662576549226472,0.0011460820192383515
96,A,LEU,L,0.0011532594397425132,0.0014060507212045885,0.001252991350438517,0.0014689162985168757
97,A,LEU,L,0.0011315705632949143,0.0014480278778552054,0.001196019104490797,0.0015668660582684863
98,A,VAL,V,0.0009951730809282212,0.0012191670818882086,0.0011477822356396924,0.0012204226545862865
99,A,SER,S,0.0011522856467673487,0.0013382244180031868,0.0011986387604350172,0.0013737062527465057
100,A,ILE,I,0.0013022135689950442,0.0015477139895461204,0.0012276877549503218,0.0017004997993447855
101,A,LEU,L,0.0012652372671418106,0.0015132372641473873,0.0011723772331639825,0.0016798878565757673
102,A,VAL,V,0.001088068365278732,0.0012368804348001777,0.0010906276106345866,0.0012823380406458097
103,A,MET,M,0.0011661661503354495,0.001268428794097225,0.00115765162298692,0.0012687983827246374
104,A,PRO,P,0.0014428076948721483,0.0014634976580454487,0.0012632436934562777,0.001512524569458655
105,A,ILE,I,0.0014206872180984437,0.0013837747501293737,0.0012232364339881824,0.0014229306169715257
106,A,SER,S,0.0012198080510020422,0.0012197274066585895,0.0011372597389387841,0.0012081718595653487
107,A,THR,T,0.0014716700651527868,0.001455314711887288,0.001301975851573811,0.0014790985258087343
108,A,MET,M,0.0016800531047573889,0.001518998451818956,0.0014073802598186093,0.0015128124912420614
109,A,TYR,Y,0.0014964489776259965,0.0013210126322077509,0.0012815382357112238,0.0012826297901073192
110,A,THR,T,0.0014611902481255102,0.0014684234566059795,0.0013035319055726986,0.0015438053576751058
111,A,VAL,V,0.0017997435739515542,0.001709505268878677,0.0015266966897554744,0.001781974204319742
112,A,THR,T,0.001925130042195565,0.0016401279228893473,0.0016001006260472409,0.0016077385964742628
113,A,GLY,G,0.0017106320945766268,0.0014986579129329957,0.0014492949101071306,0.001516418841018669
114,A,ARG,R,0.0017689937451066773,0.0013632907373542402,0.001451209344335118,0.0012189769124624657
115,A,TRP,W,0.0017157916029160677,0.001369675637783067,0.0013851780602512334,0.0012984503810760074
116,A,THR,T,0.0020401178788709983,0.001719751630944804,0.0016448407385809835,0.001750178861945859
117,A,LEU,L,0.0019965812815094953,0.0018944507555278326,0.001595341079770434,0.002080608111435037
118,A,GLY,G,0.00205892598582631,0.002051594285904101,0.0016291505017033126,0.0023347487176453904
119,A,GLN,Q,0.0019204727887961555,0.0020930422954438446,0.001514099151281078,0.0024683864633040504
120,A,VAL,V,0.0019608605988122273,0.0023175142433831415,0.0015450470999341702,0.002779627608810197
121,A,VAL,V,0.0017466616303118403,0.001954687789793796,0.0013980754568916455,0.002281897682812095
122,A,CYS,C,0.0015077627716772414,0.0016339959201984986,0.0012278667765685217,0.001879217562608308
123,A,ASP,D,0.0015317363197792319,0.0018633597183627555,0.0012608127063310644,0.0022096156592352895
124,A,PHE,F,0.0015041903912108552,0.0018761484707487998,0.0012549353354090863,0.0022209135496394613
125,A,TRP,W,0.0012562033911021574,0.0014691804464821634,0.001115032316451318,0.0016633134487526874
126,A,LEU,L,0.0011129762240615505,0.0013581825846141554,0.0010641927611798807,0.0015168063862686107
127,A,SER,S,0.0012551645690124535,0.0016323771522455816,0.0011860526062921852,0.0018718999035744989
128,A,SER,S,0.0011493292070402334,0.0014975307723736663,0.0011433901325067534,0.0016831769462644195
129,A,ASP,D,0.0009236874313809216,0.0011858286867070693,0.0010849977847427793,0.0012169456694690393
130,A,ILE,I,0.0010153553064798143,0.0013035631317733776,0.0012019115011929747,0.0013322330423943293
131,A,THR,T,0.0011496305442708359,0.0014678116334719406,0.0012784796761619128,0.001562667904284824
132,A,CYS,C,0.001015310946180555,0.0012668277968780942,0.0012312688804680082,0.0012566353560232895
133,A,CYS,C,0.0009691929917149166,0.0011563656720663261,0.0012889174624729142,0.0009817901646252184
134,A,THR,T,0.0011865116693927779,0.0013355239153673881,0.0014273304501674106,0.0012066398239172272
135,A,ALA,A,0.0012349750145721297,0.001355687734273615,0.0014325239463707931,0.001258936152759312
136,A,SER,S,0.0011762710038755158,0.0012080338133086978,0.0014296499227351976,0.000941673140457156
137,A,ILE,I,0.001339363035196852,0.001310525486798875,0.0015807795377181927,0.00100709799919651
138,A,LEU,L,0.0014860630500210669,0.0014215425306537562,0.0016511194703882296,0.001164466941007941
139,A,HIS,H,0.0014654867277187865,0.0013400128727804285,0.0016099641667164898,0.0010393472048592267
140,A,LEU,L,0.0015453104917942397,0.0013497259931159783,0.0017016186624446684,0.0009511042089285103
141,A,CYS,C,0.0017257474999277304,0.001500486280349086,0.0018425432060750352,0.0011527271702408842
142,A,VAL,V,0.0017617671158470564,0.0014974606344249615,0.0018224070570695187,0.001150008958560042
143,A,ILE,I,0.0017496896773331113,0.0014047755658706767,0.0018087002238003779,0.0009481467467566486
144,A,ALA,A,0.0019040205051598488,0.0015409724263992515,0.0019566489646423487,0.0011209216684447882
145,A,LEU,L,0.002023546668331161,0.0016426727942580716,0.002030629356447806,0.0012648378214875477
146,A,ASP,D,0.00200381640751163,0.0015548290559764988,0.0019778222297680325,0.00111688529185159
147,A,ARG,R,0.002060178162767586,0.001558606787737343,0.0020276749840686032,0.0010849571208146574
148,A,TYR,Y,0.002218264139334865,0.0017474363873882942,0.0021729857497499346,0.0013394378648603775
149,A,TRP,W,0.0022665148759548033,0.0017739090085841414,0.0021765867122605534,0.0013842037724890025
150,A,ALA,A,0.0022258002565830113,0.0016421090024918128,0.0021092567621437365,0.0011576689880412679
151,A,ILE,I,0.002338094478467553,0.001764261743465273,0.00220763159079076,0.0013576258361285955
152,A,THR,T,0.0024637573915140373,0.001966812239097538,0.002325039442081828,0.0016163070237071673
153,A,ASP,D,0.0024394179728464927,0.0019418907423680437,0.002272737321151519,0.0015902245305277373
154,A,ALA,A,0.0023684487350865827,0.0017573794001932929,0.0021856430130319255,0.0013146033084278819
155,A,VAL,V,0.0024111698357242354,0.0018412141560671825,0.0022066472749316187,0.0014468597265421706
156,A,GLU,E,0.002420660952982291,0.001988418912491051,0.0022207334866760206,0.0016980981134489001
157,A,TYR,Y,0.002312955709254955,0.0018262609291779465,0.0021454408963751588,0.0014764839500378526
158,A,SER,S,0.0022604648629600045,0.0017074935242688276,0.0020713752889189216,0.0013049788722636685
159,A,ALA,A,0.0023231690034675157,0.0018948535027869854,0.0021085073308867476,0.001636333888974568
160,A,LYS,K,0.002270138406364741,0.0019249793291660046,0.0020935946047754635,0.0017239988399191716
161,A,ARG,R,0.0021290076402039494,0.0017403781004959127,0.001990199255592129,0.0014862026966193731
162,A,THR,T,0.002101018157570702,0.0019027863946132469,0.001960214127884348,0.0018251670144559086
163,A,PRO,P,0.001976273649917382,0.0019460986970900763,0.0018605819201658953,0.001975469182710822
164,A,LYS,K,0.002057007933991239,0.002153858917821368,0.0019324600831002285,0.002281971211371729
165,A,ARG,R,0.002036430313582357,0.001952310013353785,0.0019282665145236295,0.0019469611465831717
166,A,ALA,A,0.0018632967120123644,0.0017489722700835464,0.0018107403875774878,0.0016873241277892107
167,A,ALA,A,0.0018338010642642796,0.001958543079002896,0.0017718478477340295,0.0020705766062512057
168,A,VAL,V,0.0019271959119361074,0.002038209686352615,0.0018535221741344684,0.002163377224344176
169,A,MET,M,0.0018238407764226826,0.001776328420152195,0.0018007271380276874,0.0017422419882307581
170,A,ILE,I,0.001642280943252847,0.001714452982167324,0.001661316103546213,0.0017446599451447738
171,A,ALA,A,0.0017278511071327635,0.001986130958259227,0.0017002401807996756,0.0021716336635083837
172,A,LEU,L,0.0017776732797671522,0.0019445373702538114,0.0017584239072417232,0.002059385388811108
173,A,VAL,V,0.001575454670184136,0.0016758258078077286,0.0016420534784234511,0.001680981274833171
174,A,TRP,W,0.0014988295337723615,0.0017882964602612087,0.0015361498523939416,0.0019384622906493528
175,A,VAL,V,0.0016915575342842217,0.002071451996537539,0.0016609007287482541,0.002322937310938881
176,A,PHE,F,0.0016553846608455955,0.001926004583927183,0.0016733670080463605,0.0020545543642486344
177,A,SER,S,0.0014142846005252398,0.001685217060677357,0.0015059976651879607,0.0017756565740296559
178,A,ILE,I,0.0014977923280641058,0.0019326308533281396,0.0014768755271014856,0.0021876386411947128
179,A,SER,S,0.0016933264570844649,0.0021601626911090972,0.0016324590212261807,0.0024559525034991495
180,A,ILE,I,0.001534823812001969,0.0019063328261979208,0.0015496553051814028,0.0020876865600917413
181,A,SER,S,0.0014220073182967512,0.00184364178244035,0.0013884942709652083,0.0020848886681643286
182,A,LEU,L,0.00170960023089097,0.00227153472962234,0.0015311424743044404,0.0026836814092328844
183,A,PRO,P,0.0018292933207324448,0.0024197449383327454,0.0016100192388350607,0.002848689195622099
184,A,PRO,P,0.00172089668092011,0.002238233198315399,0.00146480775485622,0.0026498258196960196
185,A,PHE,F,0.0019375755378379775,0.002583834614662549,0.0015867976074153303,0.0031276926498564755
186,A,PHE,F,0.0022002792988926934,0.0030057027224907862,0.0018035568247411144,0.0036594359734823923
187,A,TRP,W,0.0021367715943134778,0.0028516727651527536,0.0017552305176474071,0.00344455516969537
188,A,ARG,R,0.0019947715365363715,0.00254936961638854,0.0016109790275422547,0.003073006217204811
189,A,GLN,Q,0.0023273580969728124,0.003039415955027943,0.0018499543942739165,0.003728812182359681
190,A,ALA,A,0.0024880885790787097,0.003227290773799886,0.0019908995161263465,0.003953917058992363
191,A,LYS,K,0.002328520555631998,0.0027881108474776426,0.0018438891544543146,0.0033749546581973567
192,A,ALA,A,0.0023867833432756774,0.00278727190961836,0.00187964333973444,0.003369832346153732
193,A,GLU,E,0.0026354436657769938,0.0028670550580725622,0.0021042519281336313,0.0034228340500395715
194,A,GLU,E,0.002371638760968231,0.002330609242886519,0.0018988345030388687,0.0026971817980939346
195,A,GLU,E,0.002271619522033666,0.002015035457729882,0.0018233147087663726,0.0022205351146904724
196,A,VAL,V,0.001877753340185691,0.0016767679941035638,0.0014874274882629313,0.001844653030572367
197,A,SER,S,0.0018116586218765696,0.0013802856852329613,0.0014468947635671886,0.0013070925303689932
198,A,GLU,E,0.0014643101173276904,0.0011954336601918453,0.0011893151135995831,0.0011684690478967969
199,A,CYS,C,0.0013283655812583027,0.0012396403524893083,0.0011039417829955883,0.0013102862183766947
200,A,VAL,V,0.0011522843164866838,0.0012193415003760608,0.00103564243354964,0.001317738520404538
201,A,VAL,V,0.0011968412625803539,0.0014286527535198978,0.0011154656160975004,0.0015947711050955538
202,A,ASN,N,0.0014645779505325146,0.0017597929159527295,0.0012698472003424203,0.002029168762891313
203,A,THR,T,0.0014577795755919836,0.001797729912904351,0.0013261592436346345,0.002060861774943902
204,A,ASP,D,0.0017616265808878785,0.0022150055435490104,0.0015103279332623302,0.0026137440629116528
205,A,HIS,H,0.0018412298099880005,0.0023819407793880345,0.0016185919596701163,0.002778789518268191
206,A,ILE,I,0.001758147696387644,0.0022518055594957444,0.0016435593764601258,0.0025508439631569562
207,A,LEU,L,0.0018999381206647663,0.002430953641096561,0.0017625626881960098,0.0027370791773754653
208,A,TYR,Y,0.0016831013734905046,0.0021404255047654244,0.001574052757773806,0.0024064425049163196
209,A,THR,T,0.0014510198921038476,0.001820632796768421,0.0014657371004205694,0.001982951649845071
210,A,VAL,V,0.0016441605623632649,0.002010577613396197,0.0016839759403411338,0.0021377007194208607
211,A,TYR,Y,0.0017028221161118297,0.002070348460143449,0.0017095206862176408,0.0022114479054027537
212,A,SER,S,0.0014277045069680861,0.0017421826600721316,0.0015100105080753784,0.001827060425413345
213,A,THR,T,0.001339275752173082,0.0016012126344232026,0.001528436622228751,0.0015970828185905854
214,A,VAL,V,0.0016062474680358725,0.0018175212801240408,0.0017503770087806188,0.0018008924694807985
215,A,GLY,G,0.0015866021781470046,0.0017780791795559585,0.0017058193190092187,0.0017500501211869936
216,A,ALA,A,0.0013207401140304799,0.0014947959791261041,0.0015317015749059045,0.0014063674479102093
217,A,PHE,F,0.0013655719543223086,0.0014917908949422418,0.0016205913379807768,0.0013484181089289727
218,A,TYR,Y,0.001620793037860707,0.0017357151220023842,0.0018229506637243201,0.0016269260706759782
219,A,PHE,F,0.0017918947960449813,0.0018387648387558017,0.001933606064773934,0.0017204351853827952
220,A,PRO,P,0.0016671574797898518,0.0016339665476870862,0.0018358481314221077,0.0014323141168702698
221,A,THR,T,0.001689601658793125,0.0016781617171697742,0.0018816548565208401,0.0014877906719683804
222,A,LEU,L,0.0019580785696069643,0.001913402321379301,0.002096391474952157,0.0017490306171417938
223,A,LEU,L,0.0019848540694152785,0.0018446809025625403,0.0020843295698947223,0.0016202149521358901
224,A,LEU,L,0.001870207199642392,0.0016996954392164334,0.0019958826972454892,0.0014317768549243011
225,A,ILE,I,0.0020428640211106936,0.001915151992222447,0.0021470592284845167,0.0017271487669760952
226,A,ALA,A,0.0022375360618152205,0.002041226324493592,0.0023002371216451684,0.0018252452412711533
227,A,LEU,L,0.0021680938849893416,0.0018762598181487557,0.0022071674118427174,0.0015791294378407045
228,A,TYR,Y,0.0021469488748236784,0.0018732543570106725,0.0021883465685532326,0.0016206304939981868
229,A,GLY,G,0.0023724736654637136,0.0021230582046498445,0.002391321303977973,0.0019148285707580822
230,A,ARG,R,0.002454533377327847,0.002123622411190944,0.0024339737720549728,0.0018558710377089593
231,A,ILE,I,0.002344610570406298,0.0019423140791949866,0.0023073534961202007,0.0016405923789789586
232,A,TYR,Y,0.0024447499641606528,0.002098192931697372,0.0023957227691659756,0.0018742906053161898
233,A,VAL,V,0.002660246040393555,0.0023046395111501155,0.002593928510340813,0.00207656920187971
234,A,GLU,E,0.0026173344776044367,0.0021827821088798724,0.0025092189758487435,0.001903737282720247
235,A,ALA,A,0.0025467201497412716,0.002069977456456637,0.002418447853479909,0.0018068795687467432
236,A,ARG,R,0.002730345096891228,0.0022985917769268007,0.002591195152088721,0.002057114252412855
237,A,SER,S,0.002853735648295928,0.0024345277132116795,0.0027042492145990483,0.002210963238547513
238,A,ARG,R,0.002748817760462418,0.0022280749233586994,0.002551959406052827,0.001973874758300279
239,A,ILE,I,0.0028127090058152554,0.0023046927012545368,0.0025938430128223076,0.0020598565378828343
240,A,LEU,L,0.0030168079901142365,0.0025875654626846684,0.0028161665997322666,0.0023782117776330225
241,A,LYS,K,0.0029651383585361166,0.0025295900762732056,0.0027465069545925627,0.0023353484675199855
242,A,GLN,Q,0.0028589096435662205,0.002332489877129325,0.0025936740888412675,0.002129104543511882
243,A,THR,T,0.0030332445966474394,0.0026496217710179075,0.002753038540603112,0.002538319011050444
244,A,PRO,P,0.0030909723648402873,0.0028837443244665558,0.0028587730660040015,0.0028771076033636163
245,A,ASN,N,0.003462838886948461,0.003511609641621564,0.003313859311473047,0.0035975064199334655
246,A,ARG,R,0.0035819893369523578,0.0037977727868967774,0.0034509787610624947,0.0039259742647630245
247,A,THR,T,0.0041167693886416355,0.00444921511768389,0.004084030610158373,0.004635551884248698
248,A,GLY,G,0.004212605323421775,0.004478163742125673,0.004297649908928998,0.004618856305246935
249,A,LYS,K,0.003913600843122628,0.004080030500079402,0.004096625106698571,0.004137561810161913
250,A,ARG,R,0.003393095989900394,0.0035176368998632358,0.0036115953182222927,0.0034988596353593467
251,A,LEU,L,0.003422072549489756,0.0035584091871296982,0.0037416224349852583,0.0035491520192492895
252,A,THR,T,0.002964002265403164,0.003110225395476322,0.003407578642243414,0.0030123755628765833
253,A,ARG,R,0.003128674729059748,0.00322419055335141,0.0036308322127366335,0.0030812071386333508
254,A,ALA,A,0.00270198520274893,0.0027138066282070827,0.0033170450434833187,0.002388203337658177
255,A,GLN,Q,0.0032467553854764733,0.003152106547525699,0.0039051215415452506,0.0027745948531648166
256,A,LEU,L,0.0032099661990282703,0.0029361783759724596,0.003995494132771721,0.002198391209449495
257,A,ILE,I,0.003896845856115126,0.0033825593863165237,0.0045479380002288235,0.002633258566622291
258,A,THR,T,0.0042291638658758296,0.003467681245284133,0.0049682192237802065,0.002294246831945971
259,A,ASP,D,0.005175628887974988,0.00414747867283076,0.005739009559572734,0.0029804659786684708
260,A,SER,S,0.00598651737073325,0.004607210949482696,0.0066143906918358425,0.003050241479087366
261,A,PRO,P,0.007211603263746417,0.005523871034881776,0.00782519641883624,0.0038520703193381137
262,A,GLY,G,0.008061651875728023,0.00593578854640409,0.008826691160327405,0.003675619169007918
263,A,SER,S,0.008115923885130851,0.006012929639427006,0.009125007835168298,0.00351992569334929
264,A,THR,T,0.008905980767959154,0.00677856279188878,0.009906316023900302,0.004486512590930325
265,A,SER,S,0.009077668457818044,0.007044168771135739,0.01022050874038956,0.004828289607325571
266,A,SER,S,0.00903517427268078,0.0072074098800101955,0.010115867143646269,0.005266484701194838
267,A,VAL,V,0.008634114772264848,0.0070540808883088595,0.009708066001825605,0.005289932501313448
268,A,THR,T,0.009824617043769485,0.008081013127475,0.01081596417729603,0.006326012206434826
269,A,SER,S,0.010170154559293335,0.008498922963329943,0.011176285989810159,0.006892510592125826
270,A,ILE,I,0.010308154293602764,0.008761101768308797,0.011352533936871575,0.00735593814613332
271,A,ASN,N,0.01037576573372635,0.009016879602690491,0.011547655499423118,0.007741923734516483
272,A,SER,S,0.010464022736336684,0.009281345163639387,0.011885502475428023,0.00793466595724909
273,A,ARG,R,0.010288788290668255,0.009377902178949097,0.011732005087397853,0.008266375976570643
274,A,VAL,V,0.009782242487724933,0.009052441228684378,0.011052285421124242,0.0082560159431034
275,A,PRO,P,0.009586809993581285,0.008948165598393879,0.010965159809555482,0.008191512138040114
276,A,ASP,D,0.010060480489913825,0.00947604283641872,0.011500904247413185,0.008843777859509315
277,A,VAL,V,0.00984446401213699,0.009294414604140974,0.010911665826656557,0.00888340732078207
278,A,PRO,P,0.009551889416981143,0.008792648795354702,0.01050560538150992,0.008236917619451343
279,A,SER,S,0.009782032870827847,0.008822018560232577,0.010558707231070536,0.008222877744857108
280,A,GLU,E,0.00956888130893668,0.0083891386317292,0.010173076784578173,0.007764469459410531
281,A,SER,S,0.008748143241183963,0.007616459954832392,0.009162121298316525,0.007119113350474325
282,A,GLY,G,0.007550188607079812,0.006421292411816283,0.007987443755950813,0.005808316372798839
283,A,SER,S,0.006502734936757802,0.005942393092052665,0.006938414591800234,0.005754547150107259
284,A,PRO,P,0.005622267815086966,0.004971955238249673,0.006043080325431931,0.004642982658403438
285,A,VAL,V,0.0050303775522357,0.004857861456701662,0.005366452431842291,0.004887347616904948
286,A,TYR,Y,0.00494957594374339,0.004552755341075079,0.005133446923756861,0.004509491699330997
287,A,VAL,V,0.00421497659645672,0.0036186163599433454,0.0044677812716643756,0.003287690259380431
288,A,ASN,N,0.0035111361994006776,0.0032363580962470628,0.003774955188195702,0.0031173684034806392
289,A,GLN,Q,0.0037187834196653665,0.0036323845189871694,0.003810638031550529,0.0037445435481288335
290,A,VAL,V,0.003650223547320196,0.0032694367419622626,0.0037030944983920512,0.0032104539878595223
291,A,LYS,K,0.003032338805716772,0.002559348146098123,0.003176695688912634,0.00225968124779454
292,A,VAL,V,0.002882864403312816,0.0026646885865180265,0.0029422318543269616,0.002623904807946438
293,A,ARG,R,0.003133807863523043,0.0029538547792526387,0.003060645043237838,0.0030296853060045475
294,A,VAL,V,0.0028948100456889832,0.0024125558967871856,0.0028228790743964616,0.002256024511169837
295,A,SER,S,0.00258720613165587,0.0020726500500207806,0.00250379652876645,0.0018482959787003532
296,A,ASP,D,0.002797616800224564,0.0024541278029518564,0.0025980896080394084,0.0024383041269236947
297,A,ALA,A,0.002820212305710191,0.002399414579098781,0.002602594743679727,0.0023598715610226298
298,A,LEU,L,0.0026187044876186446,0.0019449454590186818,0.002408305450800557,0.001673874429330145
299,A,LEU,L,0.002656786217094421,0.0020054688112055553,0.0023873589631623216,0.0018058944474354497
300,A,GLU,E,0.0027365675912607887,0.002251840847386985,0.0024400503477731237,0.0021935431365618747
301,A,LYS,K,0.0026089307294801787,0.0019582164198391865,0.0023473781379278226,0.0017401976363163067
302,A,LYS,K,0.0025698299360154887,0.0018133322585901694,0.0023000872430544326,0.0014917084846338326
303,A,LYS,K,0.002647435973565015,0.002018664547957816,0.002359233337490865,0.0018262295930791118
304,A,LEU,L,0.0025383722485104016,0.001988075672959435,0.00228179862447699,0.0018266220014803989
305,A,MET,M,0.0024298167036899345,0.0017310051256684811,0.0022002670601989375,0.0014069444503588577
306,A,ALA,A,0.0024910175170954714,0.0018349337509273415,0.002263217919925069,0.0015467594376414374
307,A,ALA,A,0.002465071681375295,0.0019536115985465796,0.0022471279548019925,0.001757674673749885
308,A,ARG,R,0.0022843943754204854,0.0017550015204483977,0.002110657137025661,0.0015168101331608245
309,A,GLU,E,0.0022710241112103503,0.0016915736241057328,0.0021233987541192205,0.0013794740769666096
310,A,ARG,R,0.0023390623198359132,0.0018747625992694926,0.0021998413337221768,0.0016486802681981555
311,A,LYS,K,0.002182687780822151,0.0018214907128769962,0.0020596948043574794,0.0016557868015348858
312,A,ALA,A,0.002043656655964356,0.0016255831559383429,0.0019749481587174817,0.0013726989221824512
313,A,THR,T,0.002123785765656568,0.0017383994659460097,0.002076718077388136,0.0015029353815952042
314,A,LYS,K,0.002110721985798464,0.0018654607500045066,0.0020576314436217017,0.0017387083775624622
315,A,THR,T,0.0019011056715039444,0.0016979916575256436,0.001885922977724047,0.0015710333297432283
316,A,LEU,L,0.0018450529845385562,0.0015983558838804533,0.0018886547895369833,0.0013904369943391576
317,A,GLY,G,0.001944480093446361,0.0018016698909174664,0.001986348948561233,0.0016924759026361767
318,A,ILE,I,0.001817728312538355,0.0018100110263098367,0.0018578205127908272,0.001793381403976392
319,A,ILE,I,0.0016096754964149383,0.0015819039383895245,0.001727285971960738,0.0014863582324972147
320,A,LEU,L,0.001669759734399826,0.001630975877900425,0.0018151777012960697,0.0015049941459732308
321,A,GLY,G,0.0017354655622369936,0.001839617021488397,0.001852928532429892,0.0018509172602878777
322,A,ALA,A,0.0015351642887179691,0.0017368647905847095,0.0016791100690043406,0.0017873910667930819
323,A,PHE,F,0.0013696754853105965,0.001526179773511001,0.0016062139399698934,0.0014705440566442404
324,A,ILE,I,0.0015019986761507067,0.0017011270929339001,0.0017194556400041284,0.0016882647033434432
325,A,VAL,V,0.001533011656344375,0.0018732100359658463,0.0016971373891514628,0.001999078643274639
326,A,CYS,C,0.001285269570504934,0.0016744244023742215,0.001509857431674469,0.001778828188020038
327,A,TRP,W,0.001152236519899812,0.0014992830610467836,0.0014668898402231045,0.0015093055453984192
328,A,LEU,L,0.001363887938584885,0.0017064252282449144,0.0016202745749428955,0.001754469909777669
329,A,PRO,P,0.001335658184381392,0.0018087241125159144,0.0015483003887387472,0.0019559531785912306
330,A,PHE,F,0.0010675801845215654,0.0015315465315867579,0.0013632444078662846,0.0016208407017619757
331,A,PHE,F,0.001152069969850831,0.0015108600895962026,0.0014561554987368133,0.0015267798128844909
332,A,ILE,I,0.0013724961370007733,0.0017660474266916512,0.0015863968254806228,0.0018635114711335562
333,A,ILE,I,0.0012289969022309256,0.0016865048169860133,0.0014293840107965925,0.001828192176067842
334,A,SER,S,0.0010939170343639095,0.00147431157417637,0.0013193701148904733,0.0015503490594829987
335,A,LEU,L,0.001353895855604084,0.0017212555313876115,0.001524400905812502,0.0018057384352267083
336,A,VAL,V,0.0014677029146171123,0.0019049077513582668,0.0015892724549396017,0.0020661479994690253
337,A,MET,M,0.0013327336140410363,0.001755644599414269,0.0014199559267127617,0.0019369344034425304
338,A,PRO,P,0.0014373043989381318,0.0018402114024040996,0.0014429223751216023,0.0020446283610272703
339,A,ILE,I,0.0016796892975125721,0.002167266561713336,0.0016790046213542415,0.0023972454004768887
340,A,CYS,C,0.00172875443048104,0.002273057438108918,0.001717412766429843,0.002549224826757125
341,A,LYS,K,0.0016389075037725976,0.0021200878315148,0.0015786791261618704,0.0024089168093776453
342,A,ASP,D,0.0017543692291785405,0.0022528617008474947,0.0016719134605641978,0.0025850061465593774
343,A,ALA,A,0.001896100398479112,0.002510816991251893,0.0018223072513616737,0.0028658102238725983
344,A,CYS,C,0.0016733170470879333,0.002219389801421077,0.0016530458989571228,0.002530667983140357
345,A,TRP,W,0.0015970146825742594,0.0021200478202717883,0.001558454604586404,0.002451120359690362
346,A,PHE,F,0.0014440658247885036,0.0019731204165453794,0.0014522129364456468,0.0022730748381862157
347,A,HIS,H,0.0015279955727381085,0.002053938753118287,0.0014633959273449388,0.0024120996266618587
348,A,LEU,L,0.0013687598663451397,0.0017439918489443268,0.0013191771963422462,0.0020169684303842535
349,A,ALA,A,0.001485091637843499,0.001967683295273844,0.001397413814603312,0.002307648102273128
350,A,ILE,I,0.0014042574294475113,0.001998830683119979,0.001399453965330226,0.00233597938056643
351,A,PHE,F,0.0011425244342698753,0.0016393699281389233,0.0012474635862078794,0.0018656431861825576
352,A,ASP,D,0.0011680607221413856,0.0015725728448868414,0.0012109551923052638,0.0017769569133322782
353,A,PHE,F,0.0012949049020352208,0.0018349589024152482,0.0013258614088472141,0.0021143664018219753
354,A,PHE,F,0.001151870885099698,0.0016910630438369053,0.0013253085473470575,0.001897695345831355
355,A,THR,T,0.0009398315555208931,0.0013743441646454904,0.0011790324780271207,0.0014773342592705658
356,A,TRP,W,0.0010995388166418808,0.0015000804109446156,0.0012287819067122695,0.0016322642363580959
357,A,LEU,L,0.0011867815835057618,0.0016592749799055155,0.0013505588935692151,0.001829531921806298
358,A,GLY,G,0.0010029377609333525,0.0013944477473294237,0.0013092222978450543,0.0014328715010291293
359,A,TYR,Y,0.0009792884689678498,0.0012818502808987007,0.001226091368359174,0.0012749632390852044
360,A,LEU,L,0.0011874508045086715,0.0015183104955143942,0.001338622305937616,0.0015870480431258139
361,A,ASN,N,0.0011782393593661187,0.0014311704982746714,0.0014033974249399884,0.0014205882434930406
362,A,SER,S,0.0011102384425870707,0.001276733188362478,0.0013288852590900083,0.0011753524402170557
363,A,LEU,L,0.0012865712821560306,0.001470526549100205,0.001391085223851213,0.0014491643257360841
364,A,ILE,I,0.001398154438114179,0.0015872545571731325,0.0014955209929464488,0.0015997087765674473
365,A,ASN,N,0.00137447779840644,0.0014150045268105055,0.0015035987618978437,0.001297037446736295
366,A,PRO,P,0.0014495811473462742,0.0014770455712968637,0.0015027593598729227,0.0014039128651443153
367,A,ILE,I,0.0015869347953137874,0.0016824316316320265,0.0015750025353554206,0.001700383049022782
368,A,ILE,I,0.0016454654894721248,0.0016559933247204959,0.0016516594047958828,0.001627850202103552
369,A,TYR,Y,0.0016428775948435328,0.0015320046285571059,0.0016333874091140465,0.0014127238917722297
370,A,THR,T,0.0017354198791111586,0.001703743862480455,0.001654558487263755,0.0016937349663930345
371,A,MET,M,0.0018547745875578782,0.0018456711418723731,0.0017375821283689913,0.001878550058181776
372,A,SER,S,0.0018907149151454335,0.0017413620616351586,0.0017957998639641,0.0016890307779582983
373,A,ASN,N,0.001884855267902619,0.00164907407892317,0.0017740968835008764,0.00153590376226681
374,A,GLU,E,0.0020019119579109267,0.0018246111938521048,0.00183377301336757,0.0018060959872742027
375,A,ASP,D,0.001928985285379589,0.0017564304369613458,0.001767962244605808,0.0017349613485349083
376,A,PHE,F,0.0017909192130988207,0.0017002679881074055,0.0016719285366984145,0.001703930713061479
377,A,LYS,K,0.0019120554925344,0.0018958708204589532,0.0017471356429844607,0.001961701897744838
378,A,GLN,Q,0.002033055818975816,0.002076786161657022,0.0018375513350508237,0.002210641336081535
379,A,ALA,A,0.001922380025018952,0.0020322566463473407,0.0017453317720464157,0.002199386536739187
380,A,PHE,F,0.001890545163339606,0.002027089640946418,0.0017299514750452514,0.0021903299542613925
381,A,HIS,H,0.002087560530595267,0.002338388410615731,0.0018654169054326815,0.0025807846023522974
382,A,LYS,K,0.0021563806193454363,0.002500563389752187,0.0019329534562082791,0.0027950201703912437
383,A,LEU,L,0.002050326207246908,0.002439325253475004,0.0018424388020399857,0.0027568617727321025
384,A,ILE,I,0.0021490064568713534,0.0025482912378717556,0.0019197933079303448,0.002859671818033542
385,A,ARG,R,0.002395948881014128,0.0030102406121064965,0.002119779405868366,0.003455339431032895
386,A,PHE,F,0.002442511554042025,0.003233799397938491,0.0021334729450952303,0.003772415282119469
387,A,LYS,K,0.0024794208666422016,0.0031500908389861916,0.0022145720674474085,0.0036136867496486683
388,A,CYS,C,0.002761972260389541,0.0036437274826344804,0.0023748010533532747,0.004222358785398043
389,A,THR,T,0.00305666650894514,0.004293372312950226,0.002656405259336663,0.005040628512241073
390,A,SER,S,0.0031417301503312454,0.0045307725242215175,0.002766296101059005,0.005374822178654926
